{
  "GET Homepage" : {
    "transaction" : "GET Homepage",
    "sampleCount" : 500,
    "errorCount" : 0,
    "errorPct" : 0.0,
    "meanResTime" : 1169.7900000000006,
    "medianResTime" : 245.0,
    "minResTime" : 216.0,
    "maxResTime" : 11718.0,
    "pct1ResTime" : 6350.600000000229,
    "pct2ResTime" : 9579.75,
    "pct3ResTime" : 11566.220000000001,
    "throughput" : 35.32071206555524,
    "receivedKBytesPerSec" : 79.2991377331167,
    "sentKBytesPerSec" : 5.173932431477819
  },
  "Total" : {
    "transaction" : "Total",
    "sampleCount" : 500,
    "errorCount" : 0,
    "errorPct" : 0.0,
    "meanResTime" : 1169.7900000000006,
    "medianResTime" : 245.0,
    "minResTime" : 216.0,
    "maxResTime" : 11718.0,
    "pct1ResTime" : 6350.600000000229,
    "pct2ResTime" : 9579.75,
    "pct3ResTime" : 11566.220000000001,
    "throughput" : 35.32071206555524,
    "receivedKBytesPerSec" : 79.2991377331167,
    "sentKBytesPerSec" : 5.173932431477819
  }
}